{
  "statut": "OK",
  "message": "Calcul reussi",
  "isostatique": true,
  "unites": {
    "longueur": "m",
    "force": "kN"
  },
  "reactions": {
    "Ay": -2.3333333333333335,
    "Cy": 11.333333333333334,
    "Cx": 0.0
  },
  "efforts_position": {
    "x": 10.0,
    "N": 0.0,
    "T": 0.0,
    "M": 0.0
  },
  "diagrammes": {
    "x": [
      0.0,
      2.0,
      4.0,
      6.0,
      8.0,
      10.0,
      12.0,
      14.0,
      16.0,
      18.0,
      20.0
    ],
    "N": [
      0.0,
      0.0,
      0.0,
      0.0,
      0.0,
      0.0,
      0.0,
      0.0,
      0.0,
      0.0,
      0.0
    ],
    "T": [
      0.0,
      0.0,
      -2.0,
      -4.0,
      2.333333333333334,
      0.0,
      0.0,
      0.0,
      0.0,
      0.0,
      0.0
    ],
    "M": [
      0.0,
      0.0,
      -1.0,
      -8.0,
      -4.666666666666666,
      0.0,
      7.105427357601002e-15,
      1.4210854715202004e-14,
      0.0,
      0.0,
      0.0
    ]
  },
  "maxima": {
    "Nmax": 0.0,
    "x_Nmax": 0.0,
    "Tmax": 7.333333333333334,
    "x_Tmax": 7.0,
    "Mmax": -12.0,
    "x_Mmax": 7.0
  }
}
