{
  "statut": "OK",
  "message": "Calcul reussi",
  "isostatique": true,
  "unites": {
    "longueur": "m",
    "force": "kN"
  },
  "reactions": {
    "Ay": 2.857142857142857,
    "Ax": 0.0,
    "By": 7.142857142857143
  },
  "efforts_position": {
    "x": 7.5,
    "N": 0.0,
    "T": 2.857142857142857,
    "M": 21.42857142857143
  },
  "diagrammes": {
    "x": [
      0.0,
      0.30612244897959184,
      0.6122448979591837,
      0.9183673469387755,
      1.2244897959183674,
      1.530612244897959,
      1.836734693877551,
      2.142857142857143,
      2.4489795918367347,
      2.7551020408163267,
      3.061224489795918,
      3.36734693877551,
      3.673469387755102,
      3.979591836734694,
      4.285714285714286,
      4.591836734693878,
      4.8979591836734695,
      5.204081632653061,
      5.510204081632653,
      5.816326530612245,
      6.122448979591836,
      6.428571428571429,
      6.73469387755102,
      7.040816326530612,
      7.346938775510204,
      7.653061224489796,
      7.959183673469388,
      8.26530612244898,
      8.571428571428571,
      8.877551020408163,
      9.183673469387756,
      9.489795918367347,
      9.795918367346939,
      10.10204081632653,
      10.408163265306122,
      10.714285714285714,
      11.020408163265307,
      11.326530612244898,
      11.63265306122449,
      11.938775510204081,
      12.244897959183673,
      12.551020408163266,
      12.857142857142858,
      13.16326530612245,
      13.46938775510204,
      13.775510204081632,
      14.081632653061224,
      14.387755102040817,
      14.693877551020408,
      15.0
    ],
    "N": [
      0.0,
      0.0,
      0.0,
      0.0,
      0.0,
      0.0,
      0.0,
      0.0,
      0.0,
      0.0,
      0.0,
      0.0,
      0.0,
      0.0,
      0.0,
      0.0,
      0.0,
      0.0,
      0.0,
      0.0,
      0.0,
      0.0,
      0.0,
      0.0,
      0.0,
      0.0,
      0.0,
      0.0,
      0.0,
      0.0,
      0.0,
      0.0,
      0.0,
      0.0,
      0.0,
      0.0,
      0.0,
      0.0,
      0.0,
      0.0,
      0.0,
      0.0,
      0.0,
      0.0,
      0.0,
      0.0,
      0.0,
      0.0,
      0.0,
      0.0
    ],
    "T": [
      2.857142857142857,
      2.857142857142857,
      2.857142857142857,
      2.857142857142857,
      2.857142857142857,
      2.857142857142857,
      2.857142857142857,
      2.857142857142857,
      2.857142857142857,
      2.857142857142857,
      2.857142857142857,
      2.857142857142857,
      2.857142857142857,
      2.857142857142857,
      2.857142857142857,
      2.857142857142857,
      2.857142857142857,
      2.857142857142857,
      2.857142857142857,
      2.857142857142857,
      2.857142857142857,
      2.857142857142857,
      2.857142857142857,
      2.857142857142857,
      2.857142857142857,
      2.857142857142857,
      2.857142857142857,
      2.857142857142857,
      2.857142857142857,
      2.857142857142857,
      2.857142857142857,
      2.857142857142857,
      2.857142857142857,
      -7.142857142857142,
      -7.142857142857142,
      -7.142857142857142,
      -7.142857142857142,
      -7.142857142857142,
      -7.142857142857142,
      -7.142857142857142,
      -7.142857142857142,
      -7.142857142857142,
      -7.142857142857142,
      -7.142857142857142,
      -7.142857142857142,
      -7.142857142857142,
      0.0,
      0.0,
      0.0,
      0.0
    ],
    "M": [
      0.0,
      0.8746355685131195,
      1.749271137026239,
      2.623906705539359,
      3.498542274052478,
      4.373177842565598,
      5.247813411078718,
      6.122448979591836,
      6.997084548104956,
      7.871720116618077,
      8.746355685131196,
      9.620991253644315,
      10.495626822157435,
      11.370262390670554,
      12.244897959183673,
      13.119533527696795,
      13.994169096209912,
      14.868804664723031,
      15.743440233236154,
      16.61807580174927,
      17.49271137026239,
      18.367346938775512,
      19.24198250728863,
      20.11661807580175,
      20.99125364431487,
      21.865889212827987,
      22.740524781341108,
      23.61516034985423,
      24.489795918367346,
      25.364431486880466,
      26.23906705539359,
      27.113702623906708,
      27.988338192419825,
      27.84256559766764,
      25.655976676384842,
      23.469387755102048,
      21.28279883381924,
      19.096209912536445,
      16.909620991253643,
      14.723032069970849,
      12.536443148688054,
      10.349854227405242,
      8.163265306122447,
      5.976676384839653,
      3.7900874635568513,
      1.6034985422740533,
      0.0,
      0.0,
      7.105427357601002e-15,
      7.105427357601002e-15
    ]
  },
  "maxima": {
    "Nmax": 0.0,
    "x_Nmax": 0.0,
    "Tmax": -7.142857142857142,
    "x_Tmax": 10.005,
    "Mmax": 28.542857142857144,
    "x_Mmax": 9.99
  }
}
